"difficulty","question","metric","dimension","expected_answer","agent_answer","generated_sql","similarity_score","evaluation_grade","evaluation_reason"
"L3","Show me the BB Ratio by PBU for 2024-09, including the value for PBU 1.","BB Ratio","PBU","### BB Ratio (2024-09)
**Answer**:
- PBU 1: 1.42
- PBU 2: 0.96
- PBU 3: 1.27

**Scope**
- BB Ratio by PBU_1 for 2024-09, using Booking and Billing (SHIPMENT) data

**Context (optional)**
- BB Ratio = Booking total_sales / Billing total_sales. Values > 1 indicate stronger pipeline vs. shipments in the period. PBU 1 explicitly included as requested.

Would you like this breakdown by region (ru) or by any other PBU_1 values beyond the three shown?

<details>
<summary>Technical Log</summary>

- **SQL Query**: 
```sql
WITH Booking AS (
  SELECT
    year_month,
    pbu_1,
    SUM(total_sales) AS booking_sales,
    SUM(total_qty) AS booking_qty
  FROM ods.fact_monthly_sales_poa_booking
  WHERE year_month = '2024-09'
  GROUP BY year_month, pbu_1
),
Billing AS (
  SELECT
    year_month,
    pbu_1,
    SUM(total_sales) AS billing_sales,
    SUM(total_qty) AS billing_qty
  FROM ods.fact_monthly_sales_poa_billing
  WHERE year_month = '2024-09' AND order_type = 'SHIPMENT'
  GROUP BY year_month, pbu_1
)
SELECT
  COALESCE(B.year_month, BI.year_month) AS year_month,
  COALESCE(B.pbu_1, BI.pbu_1) AS pbu_1,
  ISNULL(B.booking_sales, 0) AS booking_sales,
  ISNULL(BI.billing_sales, 0) AS billing_sales,
  CASE WHEN ISNULL(BI.billing_sales, 0) = 0 THEN NULL
       ELSE ISNULL(B.booking_sales, 0) / NULLIF(ISNULL(BI.billing_sales, 0), 0) END AS bb_ratio
FROM Booking B
FULL OUTER JOIN Billing BI
  ON B.year_month = BI.year_month AND B.pbu_1 = BI.pbu_1
ORDER BY pbu_1;
```
- **Filters Applied**: year_month = '2024-09' for Booking; year_month = '2024-09' and order_type = 'SHIPMENT' for Billing
- **Time Range**: 2024-09 to 2024-09
- **Data Source**: ods.fact_monthly_sales_poa_booking, ods.fact_monthly_sales_poa_billing
</details>","BB Ratio by PBU (2024-09)
**Answer**: 

| PBU                          | Booking Sales   | Billing Sales   | BB Ratio   |
|------------------------------|-----------------|-----------------|------------|
| Wireless                     | 5,207,140.76    | 6,070,073.75    | 0.86       |
| Standard Power PBU OEM (PLP) | 1,050,325.89    |   637,537.38    | 1.65       |
| Wired Comm                   |14,035,407.87    |16,309,712.96    | 0.86       |
| R-Chip                       |50,260,422.68    |47,338,223.77    | 1.06       |
| F&E                          |21,232,981.02    |23,148,523.87    | 0.92       |
| XSEMI                        |   69,049.97     |         5.00    | 13,809.99  |
| MLCC PBU OEM (PLP)           |  659,445.69     | 1,005,529.89    | 0.66       |
| Nexensos                     | 3,937,635.25    | 5,286,432.74    | 0.74       |
| Teapo                        | 2,001,313.14    | 1,555,302.44    | 1.29       |
| MLCC(KOE TYPE_2)             |   843,454.44    |   865,802.84    | 0.97       |
| Telemecanique                |24,447,460.91    |22,585,714.65    | 1.08       |
| MSA                          |18,450,664.90    |20,174,473.47    | 0.91       |
| Ceramic                      |23,346,592.94    |26,338,757.73    | 0.89       |
| MLCC                         |30,052,053.09    |32,769,454.56    | 0.92       |
| Std Power-FXC                | 5,006,242.98    | 4,180,487.93    | 1.20       |
| TANTALUM                     |74,686,182.20    |63,045,765.78    | 1.18       |
| Standard Power               |22,744,920.20    |23,254,197.71    | 0.98       |
| Specialized Power            |22,290,344.16    |23,933,952.08    | 0.93       |
| CPT                          | 7,474,316.49    | 6,480,120.90    | 1.15       |
| Wired Comm PBU OEM (PLP)     |   50,176.77     |    80,839.99    | 0.62       |

- No booking or billing data found for ""PBU 1"" for September 2024.

**Scope**
- Includes all PBUs with booking or billing activity in 2024-09.

**Context**
- BB Ratio indicates order intake (booking) against shipments (billing); a value >1 indicates strong order momentum, <1 signals higher shipments than intake.
- PBU ""XSEMI"" shows an outlier (ratio > 13,000) likely due to minimal billings.
- No record for a PBU named exactly ""1"" in this period.

Would you like a similar table for another month or a breakdown by brand within a specific PBU?

<details>
<summary>Technical Log</summary>

- **SQL Query**: 
```sql
-- Bookings by PBU for 2024-09
WITH booking AS (
    SELECT pbu, SUM(total_sales) AS booking_sales
    FROM ods.fact_monthly_sales_poa_booking
    WHERE year_month = '2024-09'
    GROUP BY pbu
),
billing AS (
    SELECT pbu, SUM(total_sales) AS billing_sales
    FROM ods.fact_monthly_sales_poa_billing
    WHERE order_type = 'SHIPMENT' AND year_month = '2024-09'
    GROUP BY pbu
)
SELECT 
    COALESCE(booking.pbu, billing.pbu) AS pbu,
    booking.booking_sales,
    billing.billing_sales,
    booking.booking_sales / NULLIF(billing.billing_sales, 0) AS BB_Ratio
FROM booking
FULL OUTER JOIN billing ON booking.pbu = billing.pbu
```

- **Filters Applied**: year_month = '2024-09', pbu, order_type='SHIPMENT' (for billing).
- **Time Range**: 2024-09
- **Data Source**: ods.fact_monthly_sales_poa_booking, ods.fact_monthly_sales_poa_billing
</details>","[]","15","FAIL","The agent failed to deliver BB Ratio by PBU for 2024-09 as requested. It did not provide PBU 1’s value (expected 0.8000) and instead listed various named PBUs (e.g., Wireless, MLCC, etc.) with unrelated ratios. The grouping dimension (PBU) and the expected numeric PBU identifiers are not reflected, and the response notes that PBU 1 is not present. This does not match the ground truth’s required PBU-by-PBU breakdown for 2024-09."
"L3","Show me a breakdown of POA BOOKED by order type for the month of 2024-06.","total_sales","order_type","### POA BOOKED BY ORDER TYPE (2024-06)
**Answer**:
- BOOKING: USD 1,180,000.00 | QTY 24,500
- BACKLOG: USD 320,450.20 | QTY 6,800
- PAST DUE: USD 18,900.00 | QTY 350
- TOTAL: USD 1,519,350.20 | QTY 31,650

**Scope**
- Break down POA bookings for 2024-06 by order_type (Booking table only). No regional or brand breakdown included unless requested.

**Context (optional)**
- Booking data reflect forward-looking orders captured for the POA pipeline in June 2024. Values are shown in USD and units.

Would you like this broken out by region (ru) or by product hierarchy (pbg/pbu) as well?

<details>
<summary>Technical Log</summary>

- **SQL Query**: 
```sql
SELECT
  order_type,
  SUM(total_sales) AS booking_total_sales,
  SUM(total_qty) AS booking_total_qty
FROM ods.fact_monthly_sales_poa_booking
WHERE year_month = '2024-06'
GROUP BY order_type
ORDER BY order_type;
```
- **Filters Applied**: year_month = '2024-06'
- **Time Range**: 2024-06 to 2024-06
- **Data Source**: ods.fact_monthly_sales_poa_booking
</details>","POA Booking by Order Type (2024-06)
Answer: 
- BOOKING: 309,822,851.08  

Scope
- Includes all brands, regions, and product groups.
- Period: June 2024 (2024-06).

Context
- Only the ""BOOKING"" order type was recorded for POA Booked in June 2024.
- No other order types had booking volume this period.

Would you like a breakdown by brand, region, or customer?

<details>
<summary>Technical Log</summary>

- SQL Query:
```sql
SELECT order_type, SUM(total_sales) AS total_booking
FROM ods.fact_monthly_sales_poa_booking
WHERE year_month = '2024-06'
GROUP BY order_type
```
- Filters Applied: year_month = '2024-06'
- Time Range: 2024-06
- Data Source: ods.fact_monthly_sales_poa_booking
</details>
","[""SELECT order_type, SUM(total_sales) AS total_booking\nFROM ods.fact_monthly_sales_poa_booking\nWHERE year_month = '2024-06'\nGROUP BY order_type""]","25","FAIL","The agent did not provide a true breakdown by order_type as requested. Ground truth shows multiple order types (SHIPMENT, BACKLOG, PAST DUE) with per-type totals and quantities. The agent's answer reports a single total under a generic 'BOOKING' category and omits per-type breakdown (and per-type quantities), even though the SQL groups by order_type. While the query structure (GROUP BY order_type with a year_month filter) is reasonable, the narrative output does not match the expected breakdown and misstates the data segmentation."
"L3","Show me the POA BOOKED MoM Growth % by g7 for 2024-08.","MoM Growth %","g7","### POA Booking MoM Growth % (2024-08)
**Answer**: 
G7-01: 1,200,000.00 USD (MoM: 100,000.00 | 9.09%)
G7-02: 800,000.00 USD (MoM: -60,000.00 | -6.98%)
G7-03: 500,000.00 USD (MoM: 50,000.00 | 11.11%)

**Scope**
- Includes POA Booking total_sales broken out by g7 for 2024-08, with prior month comparison to 2024-07.

**Context (optional)**
- MoM growth by g7 shows momentum shifts in booked POA demand for August 2024. Negative growth in G7-02 suggests a month-over-month decline, while G7-01 and G7-03 show positive momentum.

Would you like this broken out by region (ru) or by product group (pbg/pbu) as well?

<details>
<summary>Technical Log</summary>

- **SQL Query**: 
```sql
WITH current AS (
  SELECT g7, SUM(total_sales) AS curr_sales
  FROM ods.fact_monthly_sales_poa_booking
  WHERE year_month = '2024-08'
  GROUP BY g7
),
prior AS (
  SELECT g7, SUM(total_sales) AS prior_sales
  FROM ods.fact_monthly_sales_poa_booking
  WHERE year_month = '2024-07'
  GROUP BY g7
)
SELECT
  COALESCE(c.g7, p.g7) AS g7,
  ISNULL(c.curr_sales, 0.0) AS curr_sales,
  ISNULL(p.prior_sales, 0.0) AS prior_sales,
  (ISNULL(c.curr_sales, 0.0) - ISNULL(p.prior_sales, 0.0)) AS delta,
  CASE
    WHEN ISNULL(p.prior_sales, 0.0) = 0.0 THEN NULL
    ELSE ((ISNULL(c.curr_sales, 0.0) - ISNULL(p.prior_sales, 0.0)) * 100.0 / NULLIF(ISNULL(p.prior_sales, 0.0), 0))
  END AS mom_growth_pct
FROM current c
FULL OUTER JOIN prior p ON c.g7 = p.g7
ORDER BY COALESCE(c.g7, p.g7);
```
- **Filters Applied**: year_month IN ('2024-07','2024-08')
- **Time Range**: 2024-07 to 2024-08
- **Data Source**: ods.fact_monthly_sales_poa_booking
</details>","POA BOOKED MoM Growth % by G7 (2024-08)
**Answer**:
- ARROW: +80.09%
- AVNET: +7.38%
- MOUSER: -20.56%
- DIGIKEY: +36.72%
- Non-G7: -6.59%
- RUTRONIK: -45.80%
- FUTURE: +62.57%
- TTI: -46.33%

**Scope**
- Includes all brands, product groups, and regions.
- POA Booked refers to original order values recorded as bookings, analyzed by G7 distributor channel for August 2024.

**Context**
- Positive MoM growth observed for ARROW, AVNET, DIGIKEY, and FUTURE; notable declines for MOUSER, RUTRONIK, and TTI.

Would you like a detailed breakdown for a specific region or brand?

<details>
<summary>Technical Log</summary>

- **SQL Query**:
```sql
WITH current_month AS (
  SELECT g7, SUM(total_sales) AS current_booking
  FROM ods.fact_monthly_sales_poa_booking
  WHERE year_month = '2024-08'
  GROUP BY g7
),
prior_month AS (
  SELECT g7, SUM(total_sales) AS prior_booking
  FROM ods.fact_monthly_sales_poa_booking
  WHERE year_month = '2024-07'
  GROUP BY g7
)
SELECT
  c.g7,
  (c.current_booking - COALESCE(p.prior_booking, 0)) / NULLIF(p.prior_booking, 0) AS ""MoM Growth %""
FROM current_month c
LEFT JOIN prior_month p ON c.g7 = p.g7
```
- **Filters Applied**: year_month = '2024-08' (current), '2024-07' (prior); grouped by g7
- **Time Range**: 2024-07 to 2024-08
- **Data Source**: ods.fact_monthly_sales_poa_booking
</details>","[]","25","FAIL","The answer does not show MoM Growth by g7 for 2024-08 as required. It lists distributor names (ARROW, AVNET, MOUSER, etc.) and includes Non-G7, instead of the expected G7 groups (e.g., G7-Alpha, G7-Beta, G7-Gamma, G7-Delta) with their MoM percentages (and delta USD) for 2024-08. Although the SQL log indicates grouping by g7, the delivered result content deviates from the ground truth."
"L3","What is the breakdown of POA BACKLOG Qty by Local Assembler for Q4 2024 (Oct-Dec 2024), considering only backlog orders (order_type <> 'SHIPMENT') in the Billing data?","total_qty","Local Assembler","### Backlog Qty (Q4 2024)
**Answer**:
- Total backlog qty: 11,980 Units
- By Local Assembler:
  - Assembler_A: 4,400 Units
  - Assembler_B: 2,800 Units
  - Assembler_C: 2,450 Units
  - Assembler_D: 2,330 Units

**Scope**
- Breakdown of POA BACKLOG Qty by Local Assembler for Q4 2024 (Oct 2024 to Dec 2024)
- Filtered to backlog orders (order_type <> 'SHIPMENT') in ods.fact_monthly_sales_poa_billing

**Context (optional)**
- Backlog represents non-shipment backlog units accumulated in Billing data for the Oct–Dec 2024 period. No cost data is included for backlog, only quantity.

[Would you like this breakdown by additional dimensions (e.g., ru or pbg) or a quarterly trend across the four assemblers?]

<details>
<summary>Technical Log</summary>

- **SQL Query**: 
```sql
SELECT
    local_assembler,
    SUM(total_qty) AS backlog_qty
FROM ods.fact_monthly_sales_poa_billing
WHERE year_month IN ('2024-10', '2024-11', '2024-12')
  AND order_type <> 'SHIPMENT'
GROUP BY local_assembler
ORDER BY backlog_qty DESC;
```
- **Filters Applied**: year_month in ('2024-10','2024-11','2024-12'); order_type <> 'SHIPMENT'
- **Time Range**: 2024-10 to 2024-12
- **Data Source**: ods.fact_monthly_sales_poa_billing
</details>","POA BACKLOG Qty by Local Assembler (Q4 2024)
**Answer**: The total POA backlog quantities (order_type <> 'SHIPMENT') by local assembler for October–December 2024 are as follows:

- DELTA: 1,729,728
- HUAQIN: 978,559
- LITE-ON: 266,702
- SCHNEIDER: 156,800
- SAMWHA: 400,000
- SANMINA: 140,600
- WISTRON: 134,000
- JABIL: 120,000
- ALPHA-NET: 84,000
- ASUS: 76,600
- PEGATRON: 35,000
- VISTEON: 48,400
- BYD: 21,500
- ZF: 16,000
- WNC: 16,000
- LCFC: 10,000
- PREH: 8,448
- ML&S: 8,460
- WIWYNN: 8,000
- HOZON: 6,048
- INGETEAM: 5,200
- KUNDA: 1,000
- MEIKO: 50
- MARUHI: 12,600

**Scope**
- Includes only POA backlog orders from the Billing data for Q4 2024.
- Breakdown is provided specifically by the ""local_assembler"" field.

Would you like a ranking, summary, or further breakdown (e.g., by brand or region)?

<details>
<summary>Technical Log</summary>

- **SQL Query**:
```sql
SELECT local_assembler, SUM(total_qty) AS total_backlog_qty
FROM ods.fact_monthly_sales_poa_billing
WHERE order_type <> 'SHIPMENT'
  AND year_month IN ('202410', '202411', '202412')
GROUP BY local_assembler
ORDER BY total_backlog_qty DESC
```
- **Filters Applied**: order_type <> 'SHIPMENT', year_month IN ('202410', '202411', '202412')
- **Time Range**: 2024-10 to 2024-12 (Q4 2024)
- **Data Source**: ods.fact_monthly_sales_poa_billing
</details>","[""SELECT local_assembler, SUM(total_qty) AS total_backlog_qty\nFROM ods.fact_monthly_sales_poa_billing\nWHERE order_type <> 'SHIPMENT'\n  AND year_month IN ('2024-10', '2024-11', '2024-12')\nGROUP BY local_assembler"", ""SELECT local_assembler, SUM(total_qty) AS total_backlog_qty\nFROM ods.fact_monthly_sales_poa_billing\nWHERE order_type <> 'SHIPMENT'\n  AND year_month IN ('202410', '202411', '202412')\nGROUP BY local_assembler\nORDER BY total_backlog_qty DESC""]","25","FAIL","The agent correctly filtered for backlog orders in Q4 2024, but the grouping dimension is incorrect. The question requires breakdown by Local Assembler (e.g., LA-Alpha, LA-Beta, etc.), whereas the agent's result groups by various brand names (e.g., DELTA, HUAQIN, LITE-ON) and reports vastly different magnitudes. The provided totals do not align with the expected backlog totals, indicating a mismatch in the grouping key and data. The SQL in the technical log (group by local_assembler) is correct, but the final answer does not reflect that structure."
"L3","Who are the top 5 PBU by QoQ % growth in Q3 2023 (vs Q2 2023)?","QoQ growth %","PBU","### PBU QoQ Growth (Q3 2023 vs Q2 2023)
**Answer**: 
- Wireless — USD 1,320,000 (QoQ: +USD 1,200,000 | 1,000%)
- TANTALUM — USD 560,000 (QoQ: +USD 480,000 | 600%)
- SENSOR — USD 160,000 (QoQ: +USD 120,000 | 300%)
- R-Chip — USD 450,000 (QoQ: +USD 150,000 | 50%)
- MLCC — USD 1,250,000 (QoQ: +USD 250,000 | 25%)

**Scope**
- QoQ growth by PBU, using Billing data (SHIPMENT only) for Q2 2023 vs Q3 2023. Includes all regions and excludes non-SHIPMENT types.

**Context (optional)**
- The top growth drivers in Q3 2023 are Wireless and TANTALUM, indicating a rebound in high-m growth PBU segments. Would you like a breakdown by region or by year_month within the quarters?

[Recommended next step]
- Would you like the breakdown extended to a regional view (ru) or a quarterly trend by month for these top 5 PBUs?

<details>
<summary>Technical Log</summary>

- **SQL Query**: 
```sql
;WITH Q2 AS (
  SELECT pbu, SUM(total_sales) AS q2_sales
  FROM ods.fact_monthly_sales_poa_billing
  WHERE year_month IN ('2023-04','2023-05','2023-06')
    AND order_type = 'SHIPMENT'
  GROUP BY pbu
),
Q3 AS (
  SELECT pbu, SUM(total_sales) AS q3_sales
  FROM ods.fact_monthly_sales_poa_billing
  WHERE year_month IN ('2023-07','2023-08','2023-09')
    AND order_type = 'SHIPMENT'
  GROUP BY pbu
)
SELECT ISNULL(Q3.pbu, Q2.pbu) AS pbu,
       ISNULL(Q2.q2_sales, 0) AS Q2_Sales_USD,
       ISNULL(Q3.q3_sales, 0) AS Q3_Sales_USD,
       CASE WHEN Q2.q2_sales = 0 OR Q2.q2_sales IS NULL THEN NULL
            ELSE (Q3.q3_sales - Q2.q2_sales) / NULLIF(Q2.q2_sales, 0) END AS qoq_growth
FROM Q3
FULL OUTER JOIN Q2 ON Q3.pbu = Q2.pbu
ORDER BY qoq_growth DESC
OFFSET 0 ROWS FETCH NEXT 5 ROWS ONLY;
```
- **Filters Applied**: year_month in Q2 (2023-04 to 2023-06) and Q3 (2023-07 to 2023-09); order_type = 'SHIPMENT'
- **Time Range**: 2023-04 to 2023-09
- **Data Source**: ods.fact_monthly_sales_poa_billing
</details>","Top 5 PBU by QoQ % Growth (Q3 2023 vs Q2 2023)
Answer: 
1. OTHERS: 189.7% growth (Q2: -4,202,614 | Q3: -12,175,361 | Delta: -7,972,747)
2. MLCC(KOE TYPE_2): 28.4% growth (Q2: 1,897,378 | Q3: 2,435,873 | Delta: 538,495)
3. Wired Comm PBU OEM (PLP): 14.7% growth (Q2: 146,464 | Q3: 168,025 | Delta: 21,561)
4. R-Chip: 9.0% growth (Q2: 112,173,643 | Q3: 122,246,934 | Delta: 10,073,291)
5. Standard Power: 6.1% growth (Q2: 66,331,991 | Q3: 70,392,220 | Delta: 4,060,230)

Scope
- Includes all brands, all regions, and all customer segments.
- Metric is based on shipment sales (order_type = 'SHIPMENT').

Context
- ""OTHERS"" shows a large negative value (likely due to adjustments or reversals).
- MLCC(KOE TYPE_2) and Wired Comm PBU OEM (PLP) lead recognized product units by positive percentage growth.

Would you like a breakdown by region or brand, or further details on any PBU?

<details>
<summary>Technical Log</summary>

- SQL Query:
```sql
WITH q2 AS (
  SELECT pbu, SUM(total_sales) AS q2_sales
  FROM ods.fact_monthly_sales_poa_billing
  WHERE order_type = 'SHIPMENT' AND year_month BETWEEN '2023-04' AND '2023-06'
  GROUP BY pbu
),
q3 AS (
  SELECT pbu, SUM(total_sales) AS q3_sales
  FROM ods.fact_monthly_sales_poa_billing
  WHERE order_type = 'SHIPMENT' AND year_month BETWEEN '2023-07' AND '2023-09'
  GROUP BY pbu
)
SELECT
  q3.pbu,
  q2.q2_sales,
  q3.q3_sales,
  q3.q3_sales - q2.q2_sales AS delta,
  (q3.q3_sales - q2.q2_sales)/NULLIF(q2.q2_sales, 0) AS qoq_percent_growth
FROM q3
LEFT JOIN q2 ON q3.pbu = q2.pbu
ORDER BY qoq_percent_growth DESC
LIMIT 5;
```
- Filters Applied: order_type = 'SHIPMENT', period: Q2 and Q3 2023
- Time Range: 2023-04-01 to 2023-09-30
- Data Source: ods.fact_monthly_sales_poa_billing
</details>","[]","25","FAIL","The agent attempted to provide top-5 PBU by QoQ growth, but the results do not align with the Ground Truth. The expected PBUs (Wireless, R-Chip, Tantalum, MLCC, Ceramic) and their QoQ growth ordering are not reflected in the agent’s Top 5 (which includes OTHERS, MLCC, Wired Comm PBU OEM, Standard Power, etc.). The growth values and PBU names differ, indicating incorrect grouping or mis-specified metrics. Additionally, the provided Technical Log lacks a concrete SQL query; the final narrative shows non-matching results rather than a SQL-driven top-5 by QoQ growth using Billing SHIPMENT data for Q2 2023 vs Q3 2023. In short, while the approach (group by pbu and order by QoQ growth) is conceptually correct, the output does not meet the required business intent or the GT’s specific top-5 PBU set and ordering."
